observation_date,CAPCEPC_20151201,CAPCEPC_20161004,CAPCEPC_20171004,CAPCEPC_20181004,CAPCEPC_20191003,CAPCEPC_20201008,CAPCEPC_20211008,CAPCEPC_20221006,CAPCEPC_20231004,CAPCEPC_20241003,CAPCEPC_20250220,CAPCEPC_20250926,CAPCEPCCLTH_20151201,CAPCEPCCLTH_20161004,CAPCEPCCLTH_20171004,CAPCEPCCLTH_20181004,CAPCEPCCLTH_20191003,CAPCEPCCLTH_20201008,CAPCEPCCLTH_20211008,CAPCEPCCLTH_20221006,CAPCEPCCLTH_20231004,CAPCEPCCLTH_20241003,CAPCEPCCLTH_20250926,CAPCEPCDURG_20151201,CAPCEPCDURG_20161004,CAPCEPCDURG_20171004,CAPCEPCDURG_20181004,CAPCEPCDURG_20191003,CAPCEPCDURG_20201008,CAPCEPCDURG_20211008,CAPCEPCDURG_20221006,CAPCEPCDURG_20231004,CAPCEPCDURG_20241003,CAPCEPCDURG_20250926,CAPCEPCFCENPISH_20151201,CAPCEPCFCENPISH_20161004,CAPCEPCFCENPISH_20171004,CAPCEPCFCENPISH_20181004,CAPCEPCFCENPISH_20191003,CAPCEPCFCENPISH_20201008,CAPCEPCFCENPISH_20211008,CAPCEPCFCENPISH_20221006,CAPCEPCFCENPISH_20231004,CAPCEPCFCENPISH_20241003,CAPCEPCFCENPISH_20250926,CAPCEPCFDSRVACCMD_20151201,CAPCEPCFDSRVACCMD_20161004,CAPCEPCFDSRVACCMD_20171004,CAPCEPCFDSRVACCMD_20181004,CAPCEPCFDSRVACCMD_20191003,CAPCEPCFDSRVACCMD_20201008,CAPCEPCFDSRVACCMD_20211008,CAPCEPCFDSRVACCMD_20221006,CAPCEPCFDSRVACCMD_20231004,CAPCEPCFDSRVACCMD_20241003,CAPCEPCFDSRVACCMD_20250220,CAPCEPCFDSRVACCMD_20250926,CAPCEPCFININS_20151201,CAPCEPCFININS_20161004,CAPCEPCFININS_20171004,CAPCEPCFININS_20181004,CAPCEPCFININS_20191003,CAPCEPCFININS_20201008,CAPCEPCFININS_20211008,CAPCEPCFININS_20221006,CAPCEPCFININS_20231004,CAPCEPCFININS_20241003,CAPCEPCFININS_20250926,CAPCEPCFOOD_20151201,CAPCEPCFOOD_20161004,CAPCEPCFOOD_20171004,CAPCEPCFOOD_20181004,CAPCEPCFOOD_20191003,CAPCEPCFOOD_20201008,CAPCEPCFOOD_20211008,CAPCEPCFOOD_20221006,CAPCEPCFOOD_20231004,CAPCEPCFOOD_20241003,CAPCEPCFOOD_20250926,CAPCEPCFUR_20151201,CAPCEPCFUR_20161004,CAPCEPCFUR_20171004,CAPCEPCFUR_20181004,CAPCEPCFUR_20191003,CAPCEPCFUR_20201008,CAPCEPCFUR_20211008,CAPCEPCFUR_20221006,CAPCEPCFUR_20231004,CAPCEPCFUR_20241003,CAPCEPCFUR_20250926,CAPCEPCG_20151201,CAPCEPCG_20161004,CAPCEPCG_20171004,CAPCEPCG_20181004,CAPCEPCG_20191003,CAPCEPCG_20201008,CAPCEPCG_20211008,CAPCEPCG_20221006,CAPCEPCG_20231004,CAPCEPCG_20241003,CAPCEPCG_20250220,CAPCEPCG_20250926,CAPCEPCGAS_20151201,CAPCEPCGAS_20161004,CAPCEPCGAS_20171004,CAPCEPCGAS_20181004,CAPCEPCGAS_20191003,CAPCEPCGAS_20201008,CAPCEPCGAS_20211008,CAPCEPCGAS_20221006,CAPCEPCGAS_20231004,CAPCEPCGAS_20241003,CAPCEPCGAS_20250926,CAPCEPCGONPI_20151201,CAPCEPCGONPI_20161004,CAPCEPCGONPI_20171004,CAPCEPCGONPI_20181004,CAPCEPCGONPI_20191003,CAPCEPCGONPI_20201008,CAPCEPCGONPI_20211008,CAPCEPCGONPI_20221006,CAPCEPCGONPI_20231004,CAPCEPCGONPI_20241003,CAPCEPCGONPI_20250926,CAPCEPCHCE_20151201,CAPCEPCHCE_20161004,CAPCEPCHCE_20171004,CAPCEPCHCE_20181004,CAPCEPCHCE_20191003,CAPCEPCHCE_20201008,CAPCEPCHCE_20211008,CAPCEPCHCE_20221006,CAPCEPCHCE_20231004,CAPCEPCHCE_20241003,CAPCEPCHCE_20250220,CAPCEPCHCE_20250926,CAPCEPCHLTHCARE_20151201,CAPCEPCHLTHCARE_20161004,CAPCEPCHLTHCARE_20171004,CAPCEPCHLTHCARE_20181004,CAPCEPCHLTHCARE_20191003,CAPCEPCHLTHCARE_20201008,CAPCEPCHLTHCARE_20211008,CAPCEPCHLTHCARE_20221006,CAPCEPCHLTHCARE_20231004,CAPCEPCHLTHCARE_20241003,CAPCEPCHLTHCARE_20250220,CAPCEPCHLTHCARE_20250926,CAPCEPCHOUSUTL_20151201,CAPCEPCHOUSUTL_20161004,CAPCEPCHOUSUTL_20171004,CAPCEPCHOUSUTL_20181004,CAPCEPCHOUSUTL_20191003,CAPCEPCHOUSUTL_20201008,CAPCEPCHOUSUTL_20211008,CAPCEPCHOUSUTL_20221006,CAPCEPCHOUSUTL_20231004,CAPCEPCHOUSUTL_20241003,CAPCEPCHOUSUTL_20250220,CAPCEPCHOUSUTL_20250926,CAPCEPCLRPTSLSGSNPIS_20151201,CAPCEPCLRPTSLSGSNPIS_20161004,CAPCEPCLRPTSLSGSNPIS_20171004,CAPCEPCLRPTSLSGSNPIS_20181004,CAPCEPCLRPTSLSGSNPIS_20191003,CAPCEPCLRPTSLSGSNPIS_20201008,CAPCEPCLRPTSLSGSNPIS_20211008,CAPCEPCLRPTSLSGSNPIS_20221006,CAPCEPCLRPTSLSGSNPIS_20231004,CAPCEPCLRPTSLSGSNPIS_20241003,CAPCEPCLRPTSLSGSNPIS_20250220,CAPCEPCLRPTSLSGSNPIS_20250926,CAPCEPCNDURG_20151201,CAPCEPCNDURG_20161004,CAPCEPCNDURG_20171004,CAPCEPCNDURG_20181004,CAPCEPCNDURG_20191003,CAPCEPCNDURG_20201008,CAPCEPCNDURG_20211008,CAPCEPCNDURG_20221006,CAPCEPCNDURG_20231004,CAPCEPCNDURG_20241003,CAPCEPCNDURG_20250220,CAPCEPCNDURG_20250926,CAPCEPCODURG_20151201,CAPCEPCODURG_20161004,CAPCEPCODURG_20171004,CAPCEPCODURG_20181004,CAPCEPCODURG_20191003,CAPCEPCODURG_20201008,CAPCEPCODURG_20211008,CAPCEPCODURG_20221006,CAPCEPCODURG_20231004,CAPCEPCODURG_20241003,CAPCEPCODURG_20250926,CAPCEPCONDURG_20151201,CAPCEPCONDURG_20161004,CAPCEPCONDURG_20171004,CAPCEPCONDURG_20181004,CAPCEPCONDURG_20191003,CAPCEPCONDURG_20201008,CAPCEPCONDURG_20211008,CAPCEPCONDURG_20221006,CAPCEPCONDURG_20231004,CAPCEPCONDURG_20241003,CAPCEPCONDURG_20250926,CAPCEPCOSRV_20151201,CAPCEPCOSRV_20161004,CAPCEPCOSRV_20171004,CAPCEPCOSRV_20181004,CAPCEPCOSRV_20191003,CAPCEPCOSRV_20201008,CAPCEPCOSRV_20211008,CAPCEPCOSRV_20221006,CAPCEPCOSRV_20231004,CAPCEPCOSRV_20241003,CAPCEPCOSRV_20250926,CAPCEPCRECGD_20151201,CAPCEPCRECGD_20161004,CAPCEPCRECGD_20171004,CAPCEPCRECGD_20181004,CAPCEPCRECGD_20191003,CAPCEPCRECGD_20201008,CAPCEPCRECGD_20211008,CAPCEPCRECGD_20221006,CAPCEPCRECGD_20231004,CAPCEPCRECGD_20241003,CAPCEPCRECGD_20250926,CAPCEPCSRECSRV_20151201,CAPCEPCSRECSRV_20161004,CAPCEPCSRECSRV_20171004,CAPCEPCSRECSRV_20181004,CAPCEPCSRECSRV_20191003,CAPCEPCSRECSRV_20201008,CAPCEPCSRECSRV_20211008,CAPCEPCSRECSRV_20221006,CAPCEPCSRECSRV_20231004,CAPCEPCSRECSRV_20241003,CAPCEPCSRECSRV_20250926,CAPCEPCSRV_20151201,CAPCEPCSRV_20161004,CAPCEPCSRV_20171004,CAPCEPCSRV_20181004,CAPCEPCSRV_20191003,CAPCEPCSRV_20201008,CAPCEPCSRV_20211008,CAPCEPCSRV_20221006,CAPCEPCSRV_20231004,CAPCEPCSRV_20241003,CAPCEPCSRV_20250220,CAPCEPCSRV_20250926,CAPCEPCTRANS_20151201,CAPCEPCTRANS_20161004,CAPCEPCTRANS_20171004,CAPCEPCTRANS_20181004,CAPCEPCTRANS_20191003,CAPCEPCTRANS_20201008,CAPCEPCTRANS_20211008,CAPCEPCTRANS_20221006,CAPCEPCTRANS_20231004,CAPCEPCTRANS_20241003,CAPCEPCTRANS_20250926,CAPCEPCVEH_20151201,CAPCEPCVEH_20161004,CAPCEPCVEH_20171004,CAPCEPCVEH_20181004,CAPCEPCVEH_20191003,CAPCEPCVEH_20201008,CAPCEPCVEH_20211008,CAPCEPCVEH_20221006,CAPCEPCVEH_20231004,CAPCEPCVEH_20241003,CAPCEPCVEH_20250926
1997-01-01,20848,20848,20848,21212,21212,21212,20829,20829,20988,20988,20988,20988,942,942,942,942,942,942,959,959,959,959,959,2504,2504,2504,2500,2500,2500,2497,2497,2497,2497,2497,307,307,307,307,307,307,310,310,310,310,310,1339,1339,1339,1340,1340,1340,1313,1313,1313,1313,1313,1313,1637,1637,1637,1973,1973,1973,1585,1585,1585,1585,1585,1684,1684,1684,1684,1684,1684,1685,1685,1685,1685,1685,538,538,538,538,538,538,547,547,547,547,547,6857,6857,6857,6866,6866,6866,6899,6899,6899,6899,6899,6899,450,450,450,450,450,450,454,454,454,454,454,1715,1715,1715,1715,1715,1715,1715,1715,1715,1715,1715,13684,13684,13684,14039,14039,14039,13620,13620,13779,13779,13779,13779,2878,2878,2878,2878,2878,2878,2879,2879,2879,2879,2879,2879,4533,4533,4533,4603,4603,4603,4065,4065,4224,4224,4224,4224,1408,1408,1408,1408,1408,1408,1405,1405,1405,1405,1405,1405,4353,4353,4353,4367,4367,4367,4402,4402,4402,4402,4402,4402,310,310,310,305,305,305,337,337,337,337,337,1277,1277,1277,1291,1291,1291,1304,1304,1304,1304,1304,1680,1680,1680,1637,1637,1637,1723,1723,1723,1723,1723,793,793,793,793,793,793,771,771,771,771,771,737,737,737,733,733,733,1004,1004,1004,1004,1004,13991,13991,13991,14346,14346,14346,13930,13930,14089,14089,14089,14089,881,881,881,876,876,876,1051,1051,1051,1051,1051,863,863,863,864,864,864,843,843,843,843,843
1998-01-01,21776,21776,21776,22150,22150,22150,21730,21730,21897,21897,21897,21897,972,972,972,972,972,972,991,991,991,991,991,2743,2743,2743,2740,2740,2740,2738,2738,2738,2738,2738,315,315,315,315,315,315,315,315,315,315,315,1413,1413,1413,1414,1414,1414,1385,1385,1385,1385,1385,1385,1781,1781,1781,2119,2119,2119,1705,1705,1705,1705,1705,1692,1692,1692,1692,1692,1692,1694,1694,1694,1694,1694,584,584,584,584,584,584,592,592,592,592,592,7137,7137,7137,7154,7154,7154,7195,7195,7195,7195,7195,7195,392,392,392,392,392,392,396,396,396,396,396,1758,1758,1758,1758,1758,1758,1758,1758,1758,1758,1758,14324,14324,14324,14682,14682,14682,14219,14219,14387,14387,14387,14387,2951,2951,2951,2948,2948,2948,2957,2957,2957,2957,2957,2957,4738,4738,4738,4810,4810,4810,4234,4234,4401,4401,4401,4401,1443,1443,1443,1443,1443,1443,1443,1443,1443,1443,1443,1443,4394,4394,4394,4415,4415,4415,4457,4457,4457,4457,4457,4457,332,332,332,326,326,326,360,360,360,360,360,1338,1338,1338,1359,1359,1359,1375,1375,1375,1375,1375,1781,1781,1781,1736,1736,1736,1841,1841,1841,1841,1841,854,854,854,857,857,857,840,840,840,840,840,747,747,747,745,745,745,1017,1017,1017,1017,1017,14639,14639,14639,14996,14996,14996,14534,14534,14701,14701,14701,14701,913,913,913,909,909,909,1082,1082,1082,1082,1082,973,973,973,973,973,973,946,946,946,946,946
1999-01-01,23129,23129,23129,23411,23411,23411,23000,23000,23174,23174,23174,23174,1012,1012,1012,1009,1009,1009,1032,1032,1032,1032,1032,3048,3048,3048,3044,3044,3044,3039,3039,3039,3039,3039,375,375,375,375,375,375,375,375,375,375,375,1455,1455,1455,1455,1455,1455,1420,1420,1420,1420,1420,1420,1918,1918,1918,2191,2191,2191,1831,1831,1831,1831,1831,1787,1787,1787,1788,1788,1788,1793,1793,1793,1793,1793,655,655,655,655,655,655,663,663,663,663,663,7718,7718,7718,7735,7735,7735,7783,7783,7783,7783,7783,7783,420,420,420,420,420,420,425,425,425,425,425,1884,1884,1884,1884,1884,1884,1884,1884,1884,1884,1884,15036,15036,15036,15301,15301,15301,14842,14842,15016,15016,15016,15016,2976,2976,2976,2972,2972,2972,2972,2972,2972,2972,2972,2972,4924,4924,4924,4993,4993,4993,4401,4401,4575,4575,4575,4575,1509,1509,1509,1509,1509,1509,1509,1509,1509,1509,1509,1509,4670,4670,4670,4691,4691,4691,4744,4744,4744,4744,4744,4744,360,360,360,353,353,353,392,392,392,392,392,1451,1451,1451,1474,1474,1474,1494,1494,1494,1494,1494,1956,1956,1956,1894,1894,1894,1956,1956,1956,1956,1956,935,935,935,937,937,937,919,919,919,919,919,845,845,845,840,840,840,1118,1118,1118,1118,1118,15411,15411,15411,15676,15676,15676,15217,15217,15391,15391,15391,15391,962,962,962,956,956,956,1144,1144,1144,1144,1144,1098,1098,1098,1098,1098,1098,1066,1066,1066,1066,1066
2000-01-01,24870,24870,24870,25112,25112,25112,24661,24661,24843,24843,24843,24843,1063,1063,1063,1059,1059,1059,1083,1083,1083,1083,1083,3401,3401,3401,3390,3390,3390,3333,3333,3333,3333,3333,458,458,458,458,458,458,458,458,458,458,458,1560,1560,1560,1557,1557,1557,1519,1519,1519,1519,1519,1519,2115,2115,2115,2347,2347,2347,2029,2029,2029,2029,2029,1872,1872,1872,1873,1873,1873,1875,1875,1875,1875,1875,735,735,735,735,735,735,745,745,745,745,745,8421,8421,8421,8439,8439,8439,8462,8462,8462,8462,8462,8462,514,514,514,514,514,514,520,520,520,520,520,2064,2064,2064,2064,2064,2064,2064,2064,2064,2064,2064,15991,15991,15991,16215,16215,16215,15741,15741,15923,15923,15923,15923,3080,3080,3080,3074,3074,3074,3039,3039,3039,3039,3039,3039,5176,5176,5176,5242,5242,5242,4617,4617,4800,4800,4800,4800,1607,1607,1607,1607,1607,1607,1607,1607,1607,1607,1607,1607,5020,5020,5020,5049,5049,5049,5129,5129,5129,5129,5129,5129,391,391,391,382,382,382,424,424,424,424,424,1571,1571,1571,1603,1603,1603,1651,1651,1651,1651,1651,2126,2126,2126,2062,2062,2062,2124,2124,2124,2124,2124,1120,1120,1120,1118,1118,1118,1044,1044,1044,1044,1044,885,885,885,889,889,889,1171,1171,1171,1171,1171,16448,16448,16448,16673,16673,16673,16199,16199,16381,16381,16381,16381,1048,1048,1048,1044,1044,1044,1242,1242,1242,1242,1242,1155,1155,1155,1156,1156,1156,1121,1121,1121,1121,1121
2001-01-01,25722,25722,25722,25915,25915,25915,25528,25528,25721,25721,25721,25721,1016,1016,1016,1014,1014,1014,1034,1034,1034,1034,1034,3495,3495,3495,3488,3488,3488,3438,3438,3438,3438,3438,554,554,554,554,554,554,554,554,554,554,554,1597,1597,1597,1596,1596,1596,1558,1558,1558,1558,1558,1558,2058,2058,2058,2227,2227,2227,1953,1953,1953,1953,1953,1956,1956,1956,1957,1957,1957,1959,1959,1959,1959,1959,775,775,775,776,776,776,784,784,784,784,784,8606,8606,8606,8638,8638,8638,8674,8674,8674,8674,8674,8674,495,495,495,494,494,494,501,501,501,501,501,2291,2291,2291,2291,2291,2291,2291,2291,2291,2291,2291,16561,16561,16561,16722,16722,16722,16300,16300,16492,16492,16492,16492,3190,3190,3190,3199,3199,3199,3191,3191,3191,3191,3191,3191,5502,5502,5502,5566,5566,5566,4888,4888,5080,5080,5080,5080,1737,1737,1737,1737,1737,1737,1737,1737,1737,1737,1737,1737,5111,5111,5111,5150,5150,5150,5236,5236,5236,5236,5236,5236,374,374,374,365,365,365,409,409,409,409,409,1645,1645,1645,1685,1685,1685,1742,1742,1742,1742,1742,2258,2258,2258,2198,2198,2198,2286,2286,2286,2286,2286,1112,1112,1112,1113,1113,1113,1056,1056,1056,1056,1056,914,914,914,912,912,912,1202,1202,1202,1202,1202,17115,17115,17115,17276,17276,17276,16854,16854,17047,17047,17047,17047,1041,1041,1041,1025,1025,1025,1223,1223,1223,1223,1223,1234,1234,1234,1233,1233,1233,1189,1189,1189,1189,1189
2002-01-01,26553,26553,26553,26676,26676,26676,26326,26326,26525,26525,26525,26525,1045,1045,1045,1045,1045,1045,1064,1064,1064,1064,1064,3615,3615,3615,3602,3602,3602,3579,3579,3579,3579,3579,658,658,658,658,658,658,658,658,658,658,658,1649,1649,1649,1649,1649,1649,1610,1610,1610,1610,1610,1610,2091,2091,2091,2209,2209,2209,1965,1965,1965,1965,1965,2012,2012,2012,2012,2012,2012,2014,2014,2014,2014,2014,804,804,804,804,804,804,812,812,812,812,812,8847,8847,8847,8898,8898,8898,8948,8948,8948,8948,8948,8948,484,484,484,484,484,484,490,490,490,490,490,2542,2542,2542,2542,2542,2542,2542,2542,2542,2542,2542,17047,17047,17047,17120,17120,17120,16719,16719,16918,16918,16918,16918,3404,3404,3404,3403,3403,3403,3405,3405,3405,3405,3405,3405,5646,5646,5646,5699,5699,5699,4995,4995,5194,5194,5194,5194,1883,1883,1883,1883,1883,1883,1883,1883,1883,1883,1883,1883,5233,5233,5233,5296,5296,5296,5369,5369,5369,5369,5369,5369,398,398,398,385,385,385,431,431,431,431,431,1692,1692,1692,1756,1756,1756,1801,1801,1801,1801,1801,2317,2317,2317,2250,2250,2250,2383,2383,2383,2383,2383,1101,1101,1101,1101,1101,1101,1076,1076,1076,1076,1076,931,931,931,925,925,925,1192,1192,1192,1192,1192,17706,17706,17706,17778,17778,17778,17378,17378,17577,17577,17577,17577,1010,1010,1010,986,986,986,1169,1169,1169,1169,1169,1312,1312,1312,1312,1312,1312,1260,1260,1260,1260,1260
2003-01-01,27632,27632,27632,27748,27748,27748,27466,27466,27670,27670,27670,27670,1058,1058,1058,1055,1055,1055,1076,1076,1076,1076,1076,3699,3699,3699,3687,3687,3687,3652,3652,3652,3652,3652,635,635,635,635,635,635,635,635,635,635,635,1734,1734,1734,1737,1737,1737,1693,1693,1693,1693,1693,1693,2174,2174,2174,2265,2265,2265,2073,2073,2073,2073,2073,2082,2082,2082,2083,2083,2083,2086,2086,2086,2086,2086,831,831,831,831,831,831,840,840,840,840,840,9167,9167,9167,9227,9227,9227,9256,9256,9256,9256,9256,9256,551,551,551,551,551,551,558,558,558,558,558,2595,2595,2595,2595,2595,2595,2595,2595,2595,2595,2595,17830,17830,17830,17886,17886,17886,17574,17574,17778,17778,17778,17778,3616,3616,3616,3622,3622,3622,3629,3629,3629,3629,3629,3629,5824,5824,5824,5864,5864,5864,5155,5155,5359,5359,5359,5359,1959,1959,1959,1959,1959,1959,1959,1959,1959,1959,1959,1959,5468,5468,5468,5540,5540,5540,5605,5605,5605,5605,5605,5605,426,426,426,412,412,412,460,460,460,460,460,1777,1777,1777,1851,1851,1851,1885,1885,1885,1885,1885,2441,2441,2441,2380,2380,2380,2533,2533,2533,2533,2533,1132,1132,1132,1134,1134,1134,1099,1099,1099,1099,1099,1015,1015,1015,1013,1013,1013,1304,1304,1304,1304,1304,18465,18465,18465,18521,18521,18521,18210,18210,18413,18413,18413,18413,1026,1026,1026,1004,1004,1004,1185,1185,1185,1185,1185,1310,1310,1310,1310,1310,1310,1252,1252,1252,1252,1252
2004-01-01,29290,29290,29290,29356,29356,29356,29071,29071,29284,29284,29284,29284,1159,1159,1159,1156,1156,1156,1178,1178,1178,1178,1178,3945,3945,3945,3936,3936,3936,3867,3867,3867,3867,3867,585,585,585,585,585,585,585,585,585,585,585,1871,1871,1871,1877,1877,1877,1826,1826,1826,1826,1826,1826,2330,2330,2330,2380,2380,2380,2227,2227,2227,2227,2227,2147,2147,2147,2148,2148,2148,2152,2152,2152,2152,2152,887,887,887,886,886,886,897,897,897,897,897,9767,9767,9767,9820,9820,9820,9820,9820,9820,9820,9820,9820,667,667,667,666,666,666,676,676,676,676,676,2641,2641,2641,2641,2641,2641,2641,2641,2641,2641,2641,18938,18938,18938,18952,18952,18952,18666,18666,18880,18880,18880,18880,3853,3853,3853,3857,3857,3857,3873,3873,3873,3873,3873,3873,6095,6095,6095,6128,6128,6128,5400,5400,5613,5613,5613,5613,2056,2056,2056,2056,2056,2056,2056,2056,2056,2056,2056,2056,5822,5822,5822,5884,5884,5884,5952,5952,5952,5952,5952,5952,473,473,473,462,462,462,510,510,510,510,510,1849,1849,1849,1914,1914,1914,1947,1947,1947,1947,1947,2601,2601,2601,2533,2533,2533,2653,2653,2653,2653,2653,1242,1242,1242,1245,1245,1245,1176,1176,1176,1176,1176,1115,1115,1115,1123,1123,1123,1441,1441,1441,1441,1441,19523,19523,19523,19536,19536,19536,19251,19251,19464,19464,19464,19464,1072,1072,1072,1054,1054,1054,1246,1246,1246,1246,1246,1343,1343,1343,1342,1342,1342,1284,1284,1284,1284,1284
2005-01-01,31008,31008,31008,31059,31059,31059,30892,30892,31119,31119,31119,31119,1218,1218,1218,1215,1215,1215,1238,1238,1238,1238,1238,4143,4143,4143,4133,4133,4133,4059,4059,4059,4059,4059,585,585,585,585,585,585,585,585,585,585,585,1995,1995,1995,2006,2006,2006,1956,1956,1956,1956,1956,1956,2500,2500,2500,2521,2521,2521,2441,2441,2441,2441,2441,2252,2252,2252,2253,2253,2253,2256,2256,2256,2256,2256,946,946,946,945,945,945,955,955,955,955,955,10303,10303,10303,10364,10364,10364,10342,10342,10342,10342,10342,10342,772,772,772,772,772,772,783,783,783,783,783,2785,2785,2785,2785,2785,2785,2785,2785,2785,2785,2785,20120,20120,20120,20109,20109,20109,19964,19964,20191,20191,20191,20191,4088,4088,4088,4104,4104,4104,4127,4127,4127,4127,4127,4127,6494,6494,6494,6523,6523,6523,5775,5775,6002,6002,6002,6002,2199,2199,2199,2199,2199,2199,2199,2199,2199,2199,2199,2199,6160,6160,6160,6232,6232,6232,6283,6283,6283,6283,6283,6283,511,511,511,497,497,497,546,546,546,546,546,1918,1918,1918,1991,1991,1991,2006,2006,2006,2006,2006,2716,2716,2716,2641,2641,2641,2775,2775,2775,2775,2775,1317,1317,1317,1323,1323,1323,1247,1247,1247,1247,1247,1177,1177,1177,1185,1185,1185,1545,1545,1545,1545,1545,20705,20705,20705,20695,20695,20695,20550,20550,20777,20777,20777,20777,1150,1150,1150,1129,1129,1129,1345,1345,1345,1345,1345,1368,1368,1368,1368,1368,1368,1311,1311,1311,1311,1311
2006-01-01,32796,32796,32796,32764,32764,32764,32680,32680,32926,32926,32926,32926,1198,1198,1198,1193,1193,1193,1217,1217,1217,1217,1217,4246,4246,4246,4233,4233,4233,4150,4150,4150,4150,4150,685,685,685,685,685,685,685,685,685,685,685,2138,2138,2138,2153,2153,2153,2104,2104,2104,2104,2104,2104,2615,2615,2615,2576,2576,2576,2626,2626,2626,2626,2626,2364,2364,2364,2361,2361,2361,2362,2362,2362,2362,2362,985,985,985,983,983,983,997,997,997,997,997,10737,10737,10737,10813,10813,10813,10780,10780,10780,10780,10780,10780,870,870,870,869,869,869,882,882,882,882,882,2965,2965,2965,2965,2965,2965,2965,2965,2965,2965,2965,21374,21374,21374,21266,21266,21266,21216,21216,21462,21462,21462,21462,4309,4309,4309,4317,4317,4317,4355,4355,4355,4355,4355,4355,6955,6955,6955,6973,6973,6973,6053,6053,6298,6298,6298,6298,2280,2280,2280,2280,2280,2280,2280,2280,2280,2280,2280,2280,6492,6492,6492,6579,6579,6579,6630,6630,6630,6630,6630,6630,545,545,545,528,528,528,577,577,577,577,577,2060,2060,2060,2157,2157,2157,2170,2170,2170,2170,2170,2876,2876,2876,2788,2788,2788,2959,2959,2959,2959,2959,1411,1411,1411,1419,1419,1419,1323,1323,1323,1323,1323,1252,1252,1252,1252,1252,1252,1659,1659,1659,1659,1659,22059,22059,22059,21951,21951,21951,21901,21901,22146,22146,22146,22146,1229,1229,1229,1207,1207,1207,1459,1459,1459,1459,1459,1304,1304,1304,1303,1303,1303,1252,1252,1252,1252,1252
2007-01-01,34381,34381,34381,34297,34297,34297,34419,34419,34659,34659,34659,34659,1211,1211,1211,1211,1211,1211,1234,1234,1234,1234,1234,4253,4253,4253,4251,4251,4251,4153,4153,4153,4153,4153,833,833,833,833,833,833,833,833,833,833,833,2264,2264,2264,2288,2288,2288,2238,2238,2238,2238,2238,2238,2724,2724,2724,2654,2654,2654,2787,2787,2787,2787,2787,2510,2510,2510,2510,2510,2510,2512,2512,2512,2512,2512,961,961,961,961,961,961,981,981,981,981,981,11045,11045,11045,11150,11150,11150,11105,11105,11105,11105,11105,11105,919,919,919,919,919,919,933,933,933,933,933,3331,3331,3331,3331,3331,3331,3331,3331,3331,3331,3331,22503,22503,22503,22313,22313,22313,22481,22481,22721,22721,22721,22721,4609,4609,4609,4615,4615,4615,4615,4615,4615,4615,4615,4615,7283,7283,7283,7271,7271,7271,6386,6386,6626,6626,6626,6626,2498,2498,2498,2498,2498,2498,2498,2498,2498,2498,2498,2498,6792,6792,6792,6899,6899,6899,6952,6952,6952,6952,6952,6952,587,587,587,570,570,570,618,618,618,618,618,2152,2152,2152,2260,2260,2260,2274,2274,2274,2274,2274,3011,3011,3011,2902,2902,2902,3140,3140,3140,3140,3140,1448,1448,1448,1464,1464,1464,1353,1353,1353,1353,1353,1324,1324,1324,1313,1313,1313,1766,1766,1766,1766,1766,23336,23336,23336,23146,23146,23146,23314,23314,23554,23554,23554,23554,1287,1287,1287,1271,1271,1271,1548,1548,1548,1548,1548,1257,1257,1257,1257,1257,1257,1201,1201,1201,1201,1201
2008-01-01,34874,34721,34721,34614,34614,34614,35148,35148,35379,35379,35379,35379,1172,1172,1172,1164,1164,1164,1186,1186,1186,1186,1186,3814,3813,3813,3785,3785,3785,3703,3703,3703,3703,3703,1078,908,908,926,926,926,926,926,926,926,926,2313,2313,2313,2348,2348,2348,2294,2294,2294,2294,2294,2294,2668,2668,2668,2570,2570,2570,2815,2815,2815,2815,2815,2569,2569,2569,2561,2561,2561,2564,2564,2564,2564,2564,862,862,862,848,848,848,871,871,871,871,871,10739,10737,10737,10818,10818,10818,10770,10770,10770,10770,10770,10770,1034,1034,1034,1042,1042,1042,1059,1059,1059,1059,1059,3689,3542,3542,3564,3564,3564,3564,3564,3564,3564,3564,23056,23076,23076,22870,22870,22870,23452,23452,23684,23684,23684,23684,4868,4869,4869,4867,4867,4867,4906,4906,4906,4906,4906,4906,7595,7594,7594,7566,7566,7566,6914,6914,7146,7146,7146,7146,2611,2634,2634,2638,2638,2638,2638,2638,2638,2638,2638,2638,6925,6924,6924,7033,7033,7033,7067,7067,7067,7067,7067,7067,574,574,574,551,551,551,602,602,602,602,602,2150,2148,2148,2265,2265,2265,2258,2258,2258,2258,2258,3049,3069,3069,2939,2939,2939,3195,3195,3195,3195,3195,1362,1362,1362,1361,1361,1361,1248,1248,1248,1248,1248,1318,1318,1318,1323,1323,1323,1794,1794,1794,1794,1794,24135,23984,23984,23796,23796,23796,24378,24378,24609,24609,24609,24609,1245,1246,1246,1257,1257,1257,1534,1534,1534,1534,1534,1015,1015,1015,1026,1026,1026,982,982,982,982,982
2009-01-01,33296,33193,33193,33195,33195,33195,33695,33695,33919,33919,33919,33919,1053,1053,1053,1042,1042,1042,1062,1062,1062,1062,1062,3379,3378,3378,3320,3320,3320,3237,3237,3237,3237,3237,974,860,860,905,905,905,905,905,905,905,905,2182,2181,2181,2232,2232,2232,2178,2178,2178,2178,2178,2178,2448,2448,2448,2305,2305,2305,2564,2564,2564,2564,2564,2456,2457,2457,2468,2468,2468,2472,2472,2472,2472,2472,774,774,774,753,753,753,772,772,772,772,772,9759,9754,9754,9815,9815,9815,9747,9747,9747,9747,9747,9747,729,729,729,739,739,739,751,751,751,751,751,3645,3627,3627,3680,3680,3680,3680,3680,3680,3680,3680,22563,22579,22579,22476,22476,22476,23044,23044,23268,23268,23268,23268,4985,4985,4985,4987,4987,4987,5134,5134,5134,5134,5134,5134,7738,7739,7739,7763,7763,7763,6971,6971,7195,7195,7195,7195,2671,2767,2767,2776,2776,2776,2776,2776,2776,2776,2776,2776,6380,6376,6376,6495,6495,6495,6509,6509,6509,6509,6509,6509,521,521,521,499,499,499,555,555,555,555,555,2141,2137,2137,2246,2246,2246,2225,2225,2225,2225,2225,2880,2895,2895,2783,2783,2783,3064,3064,3064,3064,3064,1210,1208,1208,1189,1189,1189,1077,1077,1077,1077,1077,1223,1222,1222,1252,1252,1252,1720,1720,1720,1720,1720,23537,23439,23439,23380,23380,23380,23948,23948,24172,24172,24172,24172,1108,1109,1109,1153,1153,1153,1413,1413,1413,1413,1413,874,875,875,879,879,879,833,833,833,833,833
2010-01-01,34030,34065,34068,34268,34274,34275,34576,34573,34777,34777,34777,34777,1103,1102,1102,1086,1087,1087,1107,1107,1107,1107,1107,3543,3526,3526,3413,3414,3414,3322,3322,3322,3322,3322,920,855,855,920,920,920,920,920,920,920,920,2200,2199,2199,2269,2270,2270,2210,2210,2210,2210,2210,2210,2559,2559,2560,2381,2381,2381,2680,2680,2680,2680,2680,2497,2498,2499,2493,2494,2494,2495,2495,2495,2495,2495,797,797,797,762,762,762,782,782,782,782,782,10241,10220,10221,10161,10162,10163,10100,10099,10099,10099,10099,10099,841,842,842,854,854,854,867,867,867,867,867,3627,3743,3743,3820,3821,3821,3821,3821,3821,3821,3821,22869,22989,22991,23188,23192,23193,23556,23554,23758,23758,23758,23758,5046,5144,5144,5397,5398,5398,5310,5310,5310,5310,5310,5310,7806,7808,7809,7859,7861,7861,7060,7059,7264,7264,7264,7264,2707,2887,2887,2900,2901,2901,2901,2901,2901,2901,2901,2901,6698,6694,6695,6747,6749,6749,6778,6778,6778,6778,6778,6778,567,551,551,520,520,520,576,576,576,576,576,2256,2252,2252,2314,2314,2314,2309,2309,2309,2309,2309,2894,2915,2915,2799,2800,2800,3071,3071,3071,3071,3071,1269,1267,1267,1214,1214,1214,1099,1099,1099,1099,1099,1259,1257,1257,1307,1307,1307,1794,1794,1794,1794,1794,23789,23845,23847,24107,24112,24113,24476,24474,24678,24678,24678,24678,1105,1107,1108,1175,1175,1175,1430,1430,1430,1430,1430,910,910,911,917,917,917,865,865,865,865,865
2011-01-01,35330,35361,35384,35585,35614,35617,35755,35741,35971,35971,35971,35971,1176,1174,1175,1155,1156,1156,1178,1178,1178,1178,1178,3715,3696,3699,3533,3536,3536,3437,3435,3435,3435,3435,961,842,843,970,970,970,970,970,970,970,970,2282,2281,2282,2361,2363,2363,2300,2300,2300,2300,2300,2300,2655,2655,2657,2486,2488,2488,2795,2794,2794,2794,2794,2616,2618,2620,2587,2589,2590,2591,2590,2590,2590,2590,824,823,824,773,773,773,793,793,793,793,793,10882,10859,10866,10720,10729,10730,10643,10639,10639,10639,10639,10639,1047,1048,1049,1066,1067,1067,1082,1082,1082,1082,1082,3822,3906,3908,4025,4029,4029,4029,4028,4028,4028,4028,23487,23660,23676,23895,23915,23917,24141,24132,24362,24362,24362,24362,5167,5368,5371,5581,5586,5586,5522,5520,5520,5520,5519,5519,7956,7922,7928,8022,8029,8029,7054,7051,7281,7281,7281,7281,2861,3064,3066,3056,3058,3058,3059,3058,3058,3058,3057,3057,7166,7162,7167,7187,7193,7193,7206,7204,7204,7204,7203,7203,617,600,601,557,557,557,611,610,610,610,610,2328,2322,2324,2378,2380,2380,2355,2354,2354,2354,2354,2988,2994,2996,2889,2892,2892,3161,3160,3160,3160,3160,1296,1294,1295,1218,1219,1219,1098,1098,1098,1098,1098,1294,1292,1293,1306,1307,1307,1807,1806,1806,1806,1806,24448,24502,24518,24865,24885,24887,25112,25102,25332,25332,25332,25332,1144,1148,1148,1250,1251,1251,1502,1502,1502,1502,1502,978,979,980,986,987,987,935,935,935,935,935
2012-01-01,36419,36441,36490,36701,36757,36769,36921,36896,37112,37112,37111,37111,1251,1249,1251,1219,1221,1221,1245,1244,1244,1244,1244,3922,3902,3908,3697,3703,3704,3607,3605,3605,3605,3605,1101,907,908,1079,1081,1081,1082,1081,1081,1081,1081,2391,2389,2392,2465,2469,2470,2404,2402,2402,2402,2402,2402,2656,2656,2659,2533,2537,2537,2849,2847,2847,2847,2847,2657,2659,2663,2654,2658,2659,2661,2659,2659,2659,2659,840,839,840,775,776,777,799,798,798,798,798,11305,11280,11295,11097,11114,11117,11033,11026,11026,11026,11025,11025,1068,1070,1071,1088,1090,1090,1105,1104,1104,1104,1104,4183,4190,4196,4348,4355,4356,4356,4353,4353,4353,4353,24014,24254,24287,24524,24562,24570,24807,24790,25006,25006,25005,25005,5287,5603,5611,5698,5707,5709,5709,5706,5706,5706,5705,5705,8020,7952,7962,8153,8166,8168,7154,7149,7365,7365,7365,7365,3083,3283,3288,3268,3273,3274,3275,3273,3273,3273,3273,3273,7383,7378,7388,7399,7411,7413,7426,7421,7421,7421,7421,7421,655,637,638,589,590,590,638,638,638,638,638,2406,2400,2403,2438,2442,2443,2416,2414,2414,2414,2414,3109,3102,3106,2992,2997,2998,3213,3211,3211,3211,3211,1340,1337,1339,1241,1242,1243,1128,1127,1127,1127,1127,1351,1349,1351,1366,1369,1369,1892,1891,1891,1891,1891,25114,25161,25195,25604,25643,25651,25888,25871,26087,26087,26086,26086,1200,1204,1206,1316,1318,1319,1585,1584,1584,1584,1584,1088,1089,1090,1092,1094,1095,1042,1041,1041,1041,1041
2013-01-01,36932,36976,37069,37419,37484,37429,37724,37687,37970,37970,37969,37969,1259,1262,1265,1214,1217,1221,1248,1247,1260,1260,1260,3976,3973,3983,3754,3761,3755,3672,3668,3669,3669,3669,1070,958,960,1128,1130,1130,1131,1129,1102,1102,1102,2472,2472,2478,2558,2562,2514,2501,2498,2498,2498,2498,2498,2808,2784,2791,2650,2655,2656,2965,2962,2965,2965,2965,2671,2654,2660,2678,2682,2707,2713,2711,2732,2732,2732,845,851,853,775,777,786,811,810,812,812,812,11358,11342,11370,11194,11214,11235,11163,11152,11189,11189,11189,11189,1025,1027,1029,1046,1048,1051,1065,1064,1072,1072,1072,4161,4297,4308,4454,4462,4464,4465,4460,4456,4456,4456,24503,24676,24738,25097,25141,25063,25430,25405,25679,25679,25678,25678,5356,5654,5669,5798,5808,5811,5889,5884,5902,5902,5902,5902,8142,8058,8078,8304,8319,8323,7330,7322,7543,7543,7542,7542,3091,3339,3348,3326,3332,3334,3334,3331,3354,3354,3354,3354,7382,7369,7387,7440,7453,7480,7491,7484,7520,7520,7519,7519,657,646,648,591,592,586,639,638,630,630,630,2426,2426,2433,2502,2506,2501,2465,2462,2455,2455,2455,3098,3077,3084,2995,3000,2984,3191,3187,3208,3208,3208,1329,1332,1335,1237,1239,1233,1129,1128,1125,1125,1125,1371,1368,1372,1394,1397,1386,1933,1931,1947,1947,1947,25574,25634,25699,26225,26271,26194,26561,26535,26781,26781,26780,26780,1256,1263,1266,1397,1399,1388,1622,1620,1615,1615,1615,1145,1145,1148,1151,1153,1150,1093,1092,1102,1102,1102
2014-01-01,38206,38346,38548,38952,39014,38967,39166,39116,39399,39399,39397,39397,1286,1292,1327,1252,1263,1273,1298,1296,1324,1324,1324,4073,4105,4133,3890,3896,3897,3817,3812,3793,3793,3793,1136,979,981,1163,1163,1164,1164,1163,1116,1116,1116,2652,2659,2670,2750,2756,2712,2697,2693,2689,2689,2689,2689,2941,2951,3003,2789,2793,2795,3124,3120,3125,3125,3125,2713,2743,2729,2771,2774,2827,2830,2826,2867,2867,2867,851,863,874,800,807,827,856,855,843,843,843,11601,11666,11732,11541,11566,11639,11540,11525,11570,11570,11570,11570,982,979,980,996,998,1003,1018,1017,1034,1034,1034,4289,4430,4414,4577,4586,4589,4590,4585,4554,4554,4554,25468,25702,25835,26249,26286,26164,26462,26428,26713,26713,26712,26712,5524,5850,5853,5999,6018,6022,6149,6141,6163,6163,6163,6163,8364,8304,8333,8620,8613,8619,7503,7493,7698,7698,7698,7698,3153,3451,3433,3414,3423,3425,3426,3422,3438,3438,3438,3438,7529,7561,7599,7650,7670,7742,7723,7713,7777,7777,7777,7777,664,660,673,615,615,611,664,663,644,644,644,2547,2546,2563,2631,2635,2639,2577,2574,2551,2551,2551,3219,3182,3204,3164,3171,3128,3336,3331,3362,3362,3362,1355,1372,1371,1263,1260,1250,1153,1152,1142,1142,1142,1435,1420,1423,1447,1453,1430,1991,1989,2026,2026,2026,26604,26680,26816,27412,27449,27328,27626,27591,27828,27828,27828,27828,1333,1334,1350,1480,1482,1457,1663,1661,1649,1649,1649,1203,1210,1215,1213,1214,1209,1144,1143,1164,1164,1164
2015-01-01,,39715,40136,40719,40743,40846,40648,40584,40952,40952,40951,40951,,1331,1368,1291,1294,1310,1332,1330,1372,1372,1372,,4299,4386,4129,4147,4139,4014,4008,3995,3995,3995,,1023,1029,1158,1175,1245,1248,1246,1170,1170,1170,,2890,2901,2990,2997,2961,2941,2937,2933,2933,2932,2932,,3093,3228,2958,2943,2947,3283,3278,3280,3280,3280,,2750,2754,2822,2832,2888,2914,2909,3019,3019,3019,,905,912,832,861,890,908,907,895,895,895,,11830,11980,11798,11834,11883,11775,11756,11867,11867,11867,11867,,739,747,759,762,767,779,778,800,800,800,,4610,4619,4730,4776,4868,4871,4863,4780,4780,4780,,26862,27127,27763,27735,27718,27626,27582,27914,27914,27914,27914,,6217,6210,6419,6408,6519,6548,6537,6637,6637,6636,6636,,8612,8677,9026,9034,9043,7666,7653,7836,7836,7836,7836,,3586,3590,3573,3601,3623,3623,3617,3610,3610,3610,3610,,7531,7594,7669,7687,7744,7761,7748,7872,7872,7872,7872,,683,699,632,636,636,687,685,659,659,659,,2710,2726,2795,2800,2779,2736,2731,2680,2680,2680,,3198,3207,3295,3279,3230,3419,3414,3445,3445,3445,,1453,1454,1348,1329,1297,1187,1185,1177,1177,1177,,1462,1483,1535,1534,1514,2096,2093,2150,2150,2150,,27885,28155,28921,28909,28963,28873,28828,29084,29084,29084,29084,,1391,1421,1539,1540,1504,1673,1670,1633,1633,1633,,1258,1321,1317,1321,1315,1232,1230,1264,1264,1264
2016-01-01,,,41827,42528,42549,42580,42178,42099,42472,42472,42472,42472,,,1393,1313,1309,1338,1354,1351,1410,1410,1410,,,4514,4240,4253,4216,4059,4051,4044,4044,4044,,,1148,1261,1282,1366,1369,1366,1311,1311,1311,,,3119,3208,3211,3180,3158,3152,3135,3135,3135,3135,,,3359,3038,3016,3043,3338,3332,3325,3325,3325,,,2764,2857,2838,2952,2965,2959,3058,3058,3058,,,937,834,857,894,930,928,916,916,916,,,12220,12017,12011,12102,11942,11920,12031,12031,12030,12030,,,694,701,704,710,720,719,747,747,747,,,4894,5030,5079,5166,5146,5136,5092,5092,5092,,,28460,29249,29257,29112,28867,28813,29130,29130,29130,29130,,,6538,6867,6838,6860,6847,6834,6940,6940,6940,6940,,,9022,9380,9414,9440,7958,7942,8123,8123,8123,8123,,,3747,3768,3797,3799,3777,3770,3781,3781,3780,3780,,,7705,7777,7757,7887,7883,7869,7986,7986,7986,7986,,,722,637,626,635,688,687,650,650,650,,,2854,2907,2907,2887,2844,2839,2771,2771,2771,,,3359,3501,3498,3380,3605,3598,3640,3640,3640,,,1502,1409,1406,1331,1175,1173,1169,1169,1169,,,1557,1605,1621,1595,2213,2209,2279,2279,2279,,,29608,30511,30539,30478,30236,30179,30442,30442,30441,30441,,,1507,1650,1659,1613,1749,1746,1689,1689,1689,,,1353,1360,1364,1355,1265,1263,1309,1309,1309
2017-01-01,,,,44366,44502,44702,44209,44094,44443,44443,44443,44443,,,,1348,1323,1388,1418,1413,1490,1490,1490,,,,4401,4455,4427,4184,4178,4202,4202,4202,,,,1288,1328,1444,1449,1433,1278,1278,1278,,,,3295,3364,3341,3311,3312,3297,3297,3297,3297,,,,3280,3216,3243,3532,3513,3557,3557,3557,,,,2872,2885,3030,3046,3039,3157,3157,3157,,,,863,892,939,971,969,952,952,952,,,,12440,12504,12660,12426,12400,12554,12554,12554,12554,,,,810,815,826,838,836,872,872,872,,,,5204,5257,5388,5346,5323,5195,5195,5195,,,,30638,30670,30599,30334,30261,30611,30611,30611,30611,,,,7203,7129,7250,7230,7209,7291,7291,7291,7291,,,,9657,9766,9795,8330,8313,8490,8490,8490,8490,,,,3916,3929,3944,3897,3890,3917,3917,3917,3917,,,,8040,8049,8232,8242,8222,8352,8352,8352,8352,,,,661,634,655,701,700,653,653,653,,,,3010,3027,2989,2940,2933,2833,2833,2833,,,,3727,3706,3570,3778,3771,3831,3831,3831,,,,1459,1497,1417,1202,1200,1225,1225,1225,,,,1712,1707,1673,2332,2322,2404,2404,2404,,,,31926,31998,32042,31782,31694,31889,31889,31889,31889,,,,1765,1782,1725,1822,1820,1743,1743,1743,,,,1417,1431,1417,1310,1309,1372,1372,1372
2018-01-01,,,,,46981,46956,46545,46385,46948,46948,46948,46948,,,,,1389,1456,1473,1467,1539,1539,1539,,,,,4715,4655,4395,4380,4445,4445,4445,,,,,1419,1504,1527,1512,1446,1446,1446,,,,,3618,3552,3520,3522,3514,3514,3514,3514,,,,,3466,3478,3772,3743,3743,3743,3743,,,,,2987,3115,3123,3113,3266,3266,3266,,,,,966,1004,1041,1040,1027,1027,1027,,,,,13180,13286,13012,12975,13215,13215,13215,13215,,,,,927,937,950,947,991,991,991,,,,,5498,5655,5624,5599,5574,5574,5574,,,,,32382,32166,32007,31897,32287,32287,32287,32287,,,,,7543,7606,7607,7581,7743,7743,7743,7743,,,,,10118,10138,8707,8690,8878,8878,8878,8878,,,,,4080,4150,4096,4087,4129,4129,4129,4129,,,,,8465,8631,8617,8595,8770,8770,8770,8770,,,,,678,686,730,731,681,681,681,,,,,3161,3123,3071,3068,2974,2974,2974,,,,,3959,3785,4029,4005,4019,4019,4019,,,,,1619,1528,1307,1294,1353,1353,1353,,,,,1780,1750,2407,2395,2496,2496,2496,,,,,33801,33671,33534,33410,33733,33733,33733,33733,,,,,1897,1858,1965,1962,1894,1894,1894,,,,,1452,1436,1316,1315,1384,1384,1384
2019-01-01,,,,,,49291,48722,48478,49004,49083,49083,49083,,,,,,1526,1533,1527,1595,1594,1594,,,,,,4839,4537,4496,4530,4533,4533,,,,,,1523,1542,1534,1428,1430,1430,,,,,,3780,3784,3781,3774,3771,3771,3771,,,,,,3663,3797,3740,3767,3775,3775,,,,,,3224,3240,3231,3410,3412,3412,,,,,,1040,1083,1080,1038,1040,1040,,,,,,13839,13491,13418,13646,13651,13651,13651,,,,,,922,938,934,977,977,977,,,,,,5921,5883,5876,5814,5814,5814,,,,,,33928,33689,33525,33931,34002,34002,34002,,,,,,8005,8060,8046,8212,8218,8218,8218,,,,,,10601,9111,9089,9272,9306,9306,9306,,,,,,4398,4341,4342,4386,4384,4384,4384,,,,,,9001,8953,8922,9115,9118,9118,9118,,,,,,712,756,753,706,706,706,,,,,,3329,3242,3229,3134,3135,3135,,,,,,4067,4309,4261,4270,4262,4262,,,,,,1686,1432,1397,1453,1455,1455,,,,,,1837,2562,2549,2646,2644,2644,,,,,,35452,35231,35060,35359,35432,35432,35432,,,,,,1976,2066,2059,1989,2025,2025,,,,,,1402,1266,1266,1333,1332,1332
2020-01-01,,,,,,,46636,46802,47720,47801,47801,47788,,,,,,,1366,1347,1385,1390,1360,,,,,,,4749,4871,4760,4717,4728,,,,,,,1808,1737,1730,1724,1724,,,,,,,2999,3038,3110,3105,3105,3096,,,,,,,3890,3847,3827,3844,3842,,,,,,,3630,3553,3801,3807,3813,,,,,,,1158,1214,1113,1117,1119,,,,,,,13868,13914,14069,14036,14036,14031,,,,,,,688,690,718,718,718,,,,,,,5887,5924,5952,5952,5949,,,,,,,30960,31151,31922,32041,32041,32033,,,,,,,7638,7697,7829,7823,7823,7820,,,,,,,9542,9504,9792,9829,9829,9837,,,,,,,4079,4186,4222,4228,4228,4225,,,,,,,9120,9043,9308,9319,9319,9303,,,,,,,719,707,674,678,678,,,,,,,3436,3452,3405,3404,3412,,,,,,,3898,3970,4115,4136,4138,,,,,,,1582,1681,1693,1642,1650,,,,,,,1536,1624,1802,1816,1815,,,,,,,32768,32888,33651,33765,33765,33757,,,,,,,1457,1471,1447,1488,1484,,,,,,,1289,1269,1281,1280,1280
2021-01-01,,,,,,,,53082,54838,55088,55088,55098,,,,,,,,1721,1780,1790,1780,,,,,,,,6054,6013,5953,5965,,,,,,,,1548,1712,1661,1640,,,,,,,,4029,4061,4037,4037,4029,,,,,,,,4233,4100,4256,4251,,,,,,,,3865,4160,4172,4169,,,,,,,,1453,1372,1378,1378,,,,,,,,16451,16813,16774,16774,16781,,,,,,,,1039,1095,1095,1095,,,,,,,,6211,6473,6456,6433,,,,,,,,35083,36314,36653,36653,36676,,,,,,,,8501,8870,8889,8889,8897,,,,,,,,9972,10427,10463,10463,10485,,,,,,,,4663,4761,4795,4795,4793,,,,,,,,10397,10799,10821,10821,10817,,,,,,,,924,875,884,888,,,,,,,,3772,3764,3764,3772,,,,,,,,4556,4756,4852,4861,,,,,,,,1995,2064,1999,2006,,,,,,,,2060,2269,2286,2287,,,,,,,,36631,38026,38314,38314,38316,,,,,,,,1731,1833,1870,1867,,,,,,,,1682,1702,1693,1692
2022-01-01,,,,,,,,,60272,60778,60778,60525,,,,,,,,,1971,1941,1939,,,,,,,,,6451,6295,6270,,,,,,,,,2000,1976,1925,,,,,,,,,4828,4791,4791,4747,,,,,,,,,4193,4467,4436,,,,,,,,,4534,4536,4517,,,,,,,,,1481,1473,1471,,,,,,,,,18511,18299,18299,18245,,,,,,,,,1442,1451,1447,,,,,,,,,6972,7007,6934,,,,,,,,,39761,40503,40503,40355,,,,,,,,,9335,9472,9472,9457,,,,,,,,,11262,11329,11329,11303,,,,,,,,,4972,5031,5031,5008,,,,,,,,,12060,12004,12004,11974,,,,,,,,,956,958,963,,,,,,,,,4113,4076,4071,,,,,,,,,5216,5314,5300,,,,,,,,,2212,2075,2052,,,,,,,,,2726,2848,2839,,,,,,,,,41761,42479,42479,42281,,,,,,,,,2201,2282,2273,,,,,,,,,1802,1789,1785
2023-01-01,,,,,,,,,,64835,64835,64368,,,,,,,,,,1997,1994,,,,,,,,,,6365,6308,,,,,,,,,,2071,2019,,,,,,,,,,5189,5189,5152,,,,,,,,,,4811,4734,,,,,,,,,,4708,4660,,,,,,,,,,1488,1473,,,,,,,,,,18730,18730,18576,,,,,,,,,,1320,1305,,,,,,,,,,7534,7454,,,,,,,,,,44034,44034,43774,,,,,,,,,,10373,10373,10314,,,,,,,,,,12188,12188,12198,,,,,,,,,,5463,5463,5436,,,,,,,,,,12365,12365,12268,,,,,,,,,,973,973,,,,,,,,,,4340,4308,,,,,,,,,,5791,5751,,,,,,,,,,2082,2052,,,,,,,,,,3217,3186,,,,,,,,,,46105,46105,45793,,,,,,,,,,2464,2439,,,,,,,,,,1821,1810
2024-01-01,,,,,,,,,,,,67565,,,,,,,,,,,2050,,,,,,,,,,,6429,,,,,,,,,,,2225,,,,,,,,,,,,5373,,,,,,,,,,,5150,,,,,,,,,,,4798,,,,,,,,,,,1504,,,,,,,,,,,,18983,,,,,,,,,,,1217,,,,,,,,,,,7971,,,,,,,,,,,,46357,,,,,,,,,,,,11054,,,,,,,,,,,,12842,,,,,,,,,,,,5747,,,,,,,,,,,,12554,,,,,,,,,,,1019,,,,,,,,,,,4488,,,,,,,,,,,6104,,,,,,,,,,,2163,,,,,,,,,,,3287,,,,,,,,,,,,48582,,,,,,,,,,,2547,,,,,,,,,,,1744
