SAGDP2 Gross domestic product (GDP) by state 1,,,,,,,,,,,,,,,,,,,,,,,,,,,,,,,
SAGDP2 Gross domestic product (GDP) by state 1,,,,,,,,,,,,,,,,,,,,,,,,,,,,,,,
State or DC,,,,,,,,,,,,,,,,,,,,,,,,,,,,,,,
GeoFips,GeoName,LineCode,Description,1997,1998,1999,2000,2001,2002,2003,2004,2005,2006,2007,2008,2009,2010,2011,2012,2013,2014,2015,2016,2017,2018,2019,2020,2021,2022,2023,2024
6000,California,1,All industry total,1068048.6,1143672.5,1239773.5,1354791.3,1373270.8,1419321.8,1498578,1585081.4,1698858.4,1812161.6,1900220.4,1946241.5,1879809.5,1938603.3,2014050.3,2108873.1,2223300.9,2342218.8,2487156.4,2586485.2,2740550.3,2899530.9,3068629.7,3072927.6,3418256.1,3618289.7,3827007.3,4048108.1
6000,California,2,  Private industries,933136.1,1000883.6,1088602.5,1190294.7,1196078.1,1231766.9,1301545.5,1379438.5,1484019.5,1585884,1657737.9,1691643.9,1625315.6,1680749.6,1750807.3,1844154.8,1947877.4,2052422.5,2180772.7,2266952.6,2415987.8,2561404.4,2721796.8,2717275.4,3049270.8,3238275.1,3417950.5,3611577.9
6000,California,3,"    Agriculture, forestry, fishing and hunting",18241.1,16955,17602.9,18152.9,17911.7,18736.9,21167,25355.1,25442.7,24434.4,28521.1,25708.1,24925.1,28237.3,32278.6,34079.8,38251.3,40819.5,37907.7,37229.6,39257.5,39165.6,37800.2,39398.4,44173.5,49607.2,48671.6,52871.2
6000,California,4,      Farms,14234.1,12916.1,13254.4,13780.7,13549.5,14210.7,16050,19806,19745.4,17301.3,20923.7,18125,17596.8,20539.3,24141.1,25165.8,28826.8,30792,26979.3,25514.2,27139.1,26245.6,24085.5,24650.2,28862.5,33701.8,31338.9,35079
6000,California,5,"      Forestry, fishing, and related activities",4006.9,4038.9,4348.5,4372.2,4362.2,4526.2,5117,5549,5697.3,7133.1,7597.4,7583.1,7328.2,7697.9,8137.4,8914,9424.4,10027.5,10928.4,11715.4,12118.4,12920,13714.7,14748.2,15310.9,15905.4,17332.7,17792.2
6000,California,6,"    Mining, quarrying, and oil and gas extraction",6641,4455.2,4829.7,7222.2,6428.1,5926.6,6990.7,9117.5,12666.9,17698.6,21480.1,25774.6,17888.3,18384.4,20695.4,21479.9,19911.6,17889,9711,8112,9837.3,9469.8,8263.5,7147.6,9951.9,11698,10445.6,10094.2
6000,California,7,      Oil and gas extraction,4851.8,2598.7,2951.6,5079.3,4206.5,4044.3,5151.8,7031.3,10444.2,14577.7,18184.9,22363.8,14901.3,15536.8,17486.6,18029.8,16528.5,14014.2,6992.7,5794,6376.1,5364.4,4309.5,3152.5,5543.3,7004.4,5822.2,5323.3
6000,California,8,      Mining (except oil and gas),1115.9,1147.3,1324.5,1310.9,1135.2,1138.5,1124.5,1350.8,1335.8,1743.2,1743.4,1582.8,1705.9,1327.2,1351,1461,1360.5,1522.4,1301.8,1424.1,1877.9,2250.8,2101.8,2654.8,3137.5,3014.8,2854.7,3101.8
6000,California,9,      Support activities for mining,673.3,709.2,553.6,832.1,1086.3,743.9,714.4,735.3,887,1377.7,1551.8,1828,1281.1,1520.3,1857.7,1989.1,2022.7,2352.3,1416.5,893.9,1583.3,1854.7,1852.2,1340.3,1271.1,1678.7,1768.7,1669.1
6000,California,10,    Utilities,16978.6,16545.9,18070.1,18577.3,14605.9,20247.6,20980.4,20778.4,20984.5,25209.5,25445.7,24961.6,27339.5,28468.6,29934.7,29518.1,31178.2,32239.6,33376.7,34327.4,38232.7,39673.2,40275.7,42394,47296.5,53407.3,57291.8,58853.7
6000,California,11,    Construction,35705.4,42297.7,47735.8,54549,58692.9,59866.3,66907.4,80986.9,92240.3,97643.5,94706.3,76888,65281.1,61615.7,58938,64176.7,73416.4,80017.6,91152,100803.8,110699.1,119459,128794.9,126026.9,131466.5,142073,149671.3,156389.4
6000,California,12,    Manufacturing,156100.5,163322.2,179127.2,205903.1,177924.8,162473.6,176918.6,182327.4,207858.7,220276.3,231199,245014.2,226538.7,219571,221137.7,233979.5,245289.9,256305.8,268522.9,272154.2,294636.7,325580.2,335966.3,323770.6,363347.9,370831.1,383438.5,381897
6000,California,13,      Durable goods manufacturing,106025.6,110144.4,122481.3,143298.4,113124.9,106545.5,112195.6,111213.6,123605.6,126228.3,131212.8,128125.6,123974.9,123588.6,132772.1,137449,143422.8,148153.6,157430.8,163402.5,176065.9,186593.8,193232.9,201781.3,219323.5,220565.3,232477.3,235477.4
6000,California,14,        Wood product manufacturing,2070.9,1956.7,2150.8,1995,1887.5,2019.5,2144.6,2240.2,2404.6,2129,1906.7,1669.7,1308,1418,1479.4,1415.4,1732,1795.7,1804.8,1997.4,2229.7,2312.1,2376,2600.8,3997.2,3983.1,3643.5,3389.1
6000,California,15,        Nonmetallic mineral product manufacturing,3174.1,3325.9,3564.2,3512,3631.1,3758.3,3742.3,4298.4,4566.5,4507.5,4346.5,3804.4,3171,3064.3,2919.3,3221.4,3382.4,3642.4,3859,4116,4523.5,4734,5253.3,5164.4,5369.2,5361.7,5469,5589.1
6000,California,16,        Primary metal manufacturing,2127.3,2303.2,2350.8,2584.4,2053.9,1976.5,2080,2548.7,2692.7,2920.3,2003.5,2510.8,1673.8,1681.4,2122,2171.2,2009.7,1917.1,1830.2,1840.6,2127.4,2388.5,2562.8,2034.7,2871.3,3404.6,3022.3,2564.9
6000,California,17,        Fabricated metal product manufacturing,10426.8,10198.8,10910.7,12008.6,10997.4,9614.8,9793.6,10219.6,11113.5,11300.2,12467.2,11963.1,10827.9,10667,11412.7,11834.4,12065.8,12787.5,13210,13149,13298.3,13826,14035.5,13350.4,12382.5,14028.6,14589.5,14665.9
6000,California,18,        Machinery manufacturing,8346.5,8604.6,10614.6,14049.3,9926.6,8445.6,8478.1,9431.5,8720,9617.3,10380.3,9771,8742.6,8965.4,10528.3,9971.4,11926.7,11308.5,11670.9,12292.6,12469.8,12465.3,13228.1,13460.7,14702.1,14872.2,15325.6,16333.4
6000,California,19,        Computer and electronic product manufacturing,54333.7,54609.6,61981,80712.1,53633.5,49905.5,53187.4,50654.9,59596.4,58519.9,61972.4,60211.8,58655.3,60329.2,65448.3,73249.7,74459.7,78502.8,83962.9,87220.9,96512.2,101536.5,106764.7,115870.3,127119.3,123651.9,127832.5,128710.6
6000,California,20,"        Electrical equipment, appliance, and component manufacturing",2968.3,2654.3,3345.1,3886.3,3319.9,3310.6,3013,2946.7,3036.5,3449.8,3548.1,3898.1,3288.3,3498.7,3386.9,3182.8,3732.1,3535.5,4354.5,4166.2,4178.2,4964.3,5065.8,4508.6,4951.4,5799.3,6825.7,6739.5
6000,California,21,"        Motor vehicles, bodies and trailers, and parts manufacturing",3072.6,3234.8,3628.2,3753.3,4511.2,4805.5,4936.2,4676.9,4403.4,4812.3,4311.2,3507.4,2611.5,2428.8,2873.1,2166.8,2314.9,2946.9,4201.5,5050.8,6673,7145,7339.2,8014.8,10148.5,11280,11362.8,10799.8
6000,California,22,        Other transportation equipment manufacturing,9025.2,10784.9,10662.4,6357.8,10007.7,9382,11012.5,10515.9,12521.3,12937.5,14871.9,15634.9,17302.8,15123,16971.5,13350.9,14754.6,15217.1,17157.3,17688.3,17719.8,20086,19152.8,19410.7,18776.5,18323.9,23471.2,24940
6000,California,23,        Furniture and related product manufacturing,2857.2,3038,3471.1,3569.3,3448.1,3340.6,3191.1,3156.7,3450.6,3633,3274.2,2758.9,2094.3,2002.6,1927.9,1886.3,2124.2,2212.8,2491.4,2521.2,2812.9,2774.8,3026.3,2613.8,2743.6,3217.9,3172.2,3175.8
6000,California,24,        Miscellaneous manufacturing,7623.2,9433.5,9802.3,10870.5,9707.8,9986.6,10616.6,10524.1,11100,12401.6,12130.8,12395.7,14299.4,14410.3,13702.7,14998.6,14920.7,14287.2,12888.2,13359.6,13521.1,14361.4,14428.3,14752.2,16262,16642.2,17762.7,18569.2
6000,California,25,      Nondurable goods manufacturing,50074.8,53177.9,56645.9,62604.7,64799.9,55928.1,64723,71113.8,84253,94048,99986.2,116888.6,102563.8,95982.4,88365.6,96530.6,101867,108152.2,111092.1,108751.7,118570.8,138986.4,142733.4,121989.2,144024.4,150265.8,150961.2,146419.6
6000,California,26,        Food and beverage and tobacco product manufacturing,12155.8,12706.6,15167.1,15272.2,16438.4,17408.9,17510.9,16735.6,17291.3,19788.6,20448.9,20921.9,25153.7,21834.2,20823.7,23011.1,23770.9,25924.6,29949.9,29499.3,29582.1,28031.7,27938.8,28886.4,30969.4,28710.1,33741.9,34670.3
6000,California,27,        Textile mills and textile product mills,1256,1343.9,1547.9,1635.7,1401.6,1346,1084.6,1356.7,1202.2,1247.5,1137.2,1123,946.4,878.9,806.5,897.4,1090.1,1105.8,1182.3,1142.5,1034.7,1074.7,1104,1109,1188.5,1146.7,1074.5,1056
6000,California,28,"        Apparel, leather, and allied product manufacturing",4012,4169.5,4482.7,4500.1,4053.2,3826.9,3521.7,3472,3429.7,3700.8,3571.9,3271.1,2892.8,3213.7,3248.8,3404.2,3645.9,3276.7,3138.5,3300.2,3134.5,3070.4,3328.2,3294.8,4005.2,4014.9,3878.2,4128.9
6000,California,29,        Paper manufacturing,2607.7,2643.6,2954.7,3029.9,2496.6,2603.3,2268.3,2348.1,2244.7,3054.9,2857.1,2548.9,3083.1,2882.1,2873.9,2433.1,2592,2545.2,2910,2907.7,2961.6,2973,3032.9,3311.2,3153,3491.4,3532.9,3570.3
6000,California,30,        Printing and related support activities,3915.4,4218.4,4587.8,4676.1,4446.6,4339.7,4280.8,4244.2,4220.6,4340.9,4613.1,3984.9,3518.7,3585.9,3456.5,3264.9,3503.7,3431.4,3528.5,3585.6,3536.7,3650.5,3675,3171.3,3308.7,3313,3196.6,3335.7
6000,California,31,        Petroleum and coal products manufacturing,11401,12074.4,10517.2,13162.1,15092.9,9360.3,14025.9,16496.4,29501.9,32857.7,35850.5,55019.5,29752.7,26276.2,21570,20106.1,16430.1,21316,17905.5,9971.9,15057.6,27866.7,27663.5,6185.2,24712.5,31772.6,28399.3,20108
6000,California,32,        Chemical manufacturing,10578.5,11506.9,12517.9,15697.5,16666.6,12789.5,17663.8,21832.8,21938.8,24404.9,26936.5,25844,32969.7,33083,31498.1,39049.2,46576.9,46455,47575.3,53642.9,58791.1,67491.4,70907.7,70930.8,71458.7,71612.8,70465.9,72613
6000,California,33,        Plastics and rubber products manufacturing,4148.5,4514.5,4870.6,4631.2,4203.9,4253.6,4367,4628,4423.8,4652.9,4571,4175.3,4246.6,4228.6,4087.9,4364.6,4257.5,4097.4,4902.1,4701.5,4472.5,4828,5083.4,5100.7,5228.5,6204.3,6672,6937.5
6000,California,34,    Wholesale trade,63190.4,67995.5,70384.8,75580,76010,76210.6,79875.7,84620.6,93083.9,101699.3,108145.4,109105.5,99224.7,106580.9,117487.5,120165.3,128237.3,139456.4,152827.5,148802.4,155598.1,160211.5,174021.4,170390.8,183686.9,202977.9,201086,208661.7
6000,California,35,    Retail trade,76947,83638.6,89215.5,95779.9,98970.6,102970.2,108580.6,115000.1,121189.5,126435.9,123320.8,115687.3,110186,115543.5,117841.3,124176.1,133658.5,138640.7,147265.5,151074.2,157909.5,161980.3,172079.8,173952.5,199955.7,215164.2,225934.5,233934.3
6000,California,36,    Transportation and warehousing,29111.4,30715.3,31306.7,33868.8,33778.8,33755.1,34821.9,38873,40437.4,46037.2,45642.6,45821.7,43180.7,46522.7,48051.6,48514.4,52255.1,56712.9,63494.4,69983.8,75160.2,82847.3,95121,85252.2,107783.7,122384.8,123775.1,131794.9
6000,California,37,      Air transportation,7653.2,7105.5,7136.8,7235.6,6215.4,6410.4,6083.3,7241.5,6393.4,9273.8,9034.2,7875.3,8120.1,10101.6,9546.1,9451.7,10738.6,12402.2,14474.1,16885.3,16489.8,16883.1,18993.7,7655.2,11957.8,18268,20283,21557.4
6000,California,38,      Rail transportation,1101.4,1206.3,1242.9,1286.4,1342.7,1196.2,1287.2,1391.7,1549.2,1685.6,1673.6,1849.4,1602.9,1571.5,1724,1631.8,1624.2,1738,1827.7,1708.3,1749.3,1882.5,1900.2,1756.7,1947.8,2078.4,2310.9,2293.2
6000,California,39,      Water transportation,795.5,746.2,742.1,921.3,972.7,793.3,849.1,782.8,640.2,823.9,1178.2,1354.2,1263.7,1166.2,1368.1,1202.5,1519.4,1561.1,1616.6,1617.4,1629.4,1781.9,1708.1,1432.8,1683.4,2116.5,1895.9,1822.8
6000,California,40,      Truck transportation,7644.6,8586.8,9236.3,10073.9,10039,9989.7,10492.4,11450.8,11998.3,12983.3,13049.4,12519.8,11727.1,11963.2,12926.9,13182.4,14133.5,15766.3,17374.5,18393.8,20256.8,21732.8,23077.3,23582.7,27593.1,29978.7,28665.7,29002.7
6000,California,41,      Transit and ground passenger transportation,1321.6,1483.2,1651.3,1745.1,1860.3,1896.1,2076.7,2207.2,2289.8,2498.6,2535.8,2744.7,2758.8,2983,3356.7,3779.4,3947.2,4319.7,4673.2,6759.3,8075.3,10932.8,17046.4,12655.6,14071,16970.6,18689.5,22680.4
6000,California,42,      Pipeline transportation,241.7,190.7,108.1,74.2,532.5,139.7,143.3,287.5,248.9,403,487.9,742.6,792,1147.3,1346.4,1199.5,1116.7,928,856.2,502.2,583.4,619.2,551.7,478.5,477.2,596.3,617.3,643.1
6000,California,43,      Other transportation and support activities,7560.1,8107.1,7866.9,9079.8,9675.1,10224.6,10546.3,11470.2,12873.6,13609,12816.7,13254.6,11576.2,12289.1,12659.7,12779.4,13800.6,14665.4,16610.1,17400.6,18767.2,20018.1,21707.1,25553.6,34450.2,34387.3,33314.1,33572
6000,California,44,      Warehousing and storage,2793.4,3289.6,3322.2,3452.5,3141.1,3105.2,3343.6,4041.2,4444,4759.9,4866.7,5481.2,5339.8,5300.8,5123.6,5287.8,5374.8,5332.1,6062,6716.9,7609,8996.9,10136.5,12137,15603.1,17989,17998.6,20223.2
6000,California,45,    Information,64087.5,72491.2,88683.1,85112.4,92910.3,100908.8,105262,117361,120154.6,127436.5,137743.3,142564.3,131685.6,148442.2,153745.3,156466.2,189866.8,198553.8,225512,247746.3,271436.3,277743.3,305625.2,322465.8,364889.1,365930.1,397170.1,441338.5
6000,California,46,      Publishing industries (except Internet),10789.4,12130.8,16983.6,15839.4,16327.1,18687.2,20083.4,23575.4,24147.7,23873.9,27346.8,27890.3,25331.4,28340.5,30956.8,32822.4,36572,40009.1,46156.9,47991.3,54658,57693.3,66754.2,72401.1,83546.5,82474.5,93320.6,100695.2
6000,California,47,      Motion picture and sound recording industries,23236.4,27476.5,32476.4,27891.1,34613.2,39352.2,39627,39886.3,36008.5,38195.3,41363.1,45448.1,43027.1,49070.5,44731.1,42272.3,41942.4,41723.4,46285.8,49794.9,51395.3,48386.1,44302.3,39862,44521,57286.2,56381.2,59366.9
6000,California,48,      Broadcasting (except Internet) and telecommunications,26578.6,27865.6,34028.4,34368,33810.2,32993.6,34549.4,38686.1,43332.3,45737.9,52985.8,50720.2,44122,47734,50019.1,53340.2,60690.6,61494.7,69097.1,73922.1,73366.5,74111.8,81848.7,79439.5,81651.7,72388.9,77380.7,83917.1
6000,California,49,"      Data processing, hosting, and other information services",3483.1,5018.3,5194.8,7014,8159.8,9875.7,11002.2,15213.3,16666.1,19629.4,16047.6,18505.7,19205.1,23297.3,28038.3,28031.3,50661.8,55326.5,63972.2,76038.1,92016.5,97552.1,112720,130763.2,155169.8,153780.5,170087.6,197359.3
6000,California,50,"    Finance, insurance, real estate, rental, and leasing",207142.6,221489,234362.5,247921.7,267180.8,285216.6,296937.8,298977,325211,344636.8,360925.5,366458.1,376259,385680.8,399485.3,423236.2,436802.2,454116.3,466190.7,478439.2,507443,538503.1,565043.5,581858.1,644710.9,672228.2,716573.6,749145
6000,California,51,      Finance and insurance,44527.3,53247.3,56757.5,62850.2,74160,81616.7,89187.8,85055.3,93058.7,103089.9,97995.8,80912.2,92453.1,93638.2,98600.8,112184,112410.2,122055.3,128033.8,129627.8,135161.3,139993.1,144690.3,151679.7,180783.2,172570.9,174615.8,173390.1
6000,California,52,"        Monetary Authorities- central bank, credit intermediation, and related services",13330.9,19792.8,22118.8,24404.5,28459,38013.6,44138.4,34187.8,36339,40618.4,40761.7,41598.2,41718.1,44622.8,51998.8,56268.3,54323.2,60666.9,63506.5,63907.2,60002.9,62741.8,67825.2,70458,91296.6,82269,83068.1,79236.6
6000,California,53,"        Securities, commodity contracts, and other financial investments and related activities",11573.7,12215.6,12777.3,14980,22190.3,19039.3,16615.7,17919.1,22213.2,24751.2,21260.2,9767.4,20026.5,20051.1,16662.5,24250.3,26441.4,23948.6,24354.8,28554.8,34300.6,34838.2,32869,39664.1,44603.9,43979.2,43970.9,44708
6000,California,54,        Insurance carriers and related activities,19322.4,20724.2,21289.2,22865.4,23030.2,23914.1,27376.5,31825.8,33699.2,34773.7,34578.9,29275.9,30553.2,28815.8,29903.8,31546.7,31502.4,36695.5,39535.2,36473,40149.7,42294.1,43628.6,41232.7,41591,44011.1,44951.6,46663
6000,California,55,"        Funds, trusts, and other financial vehicles",300.2,514.8,572.2,600.3,480.6,649.6,1057.2,1122.8,807.4,2946.7,1395,270.6,155.3,148.4,35.7,118.6,143.2,744.3,637.4,692.8,708.2,119,367.5,324.9,3291.8,2311.6,2625.2,2782.4
6000,California,56,      Real estate and rental and leasing,162615.3,168241.7,177605,185071.6,193020.7,203599.9,207750,213921.7,232152.3,241546.9,262929.7,285546,283805.9,292042.7,300884.5,311052.2,324392.1,332061,338156.9,348811.4,372281.7,398510,420353.2,430178.4,463927.7,499657.3,541957.8,575755
6000,California,57,        Real estate,150525,155270.4,163311.1,169796.9,176910.3,188421.2,192208.9,197160.9,213331.9,217975.6,240698.6,260515.3,260900,268226.1,275747,281737.6,294583.5,304474.7,312214.2,325877.3,344425.2,367579.5,389348.7,401483.6,433396.2,467504.5,500560.9,531434
6000,California,58,        Rental and leasing services and lessors of nonfinancial intangible assets,12090.4,12971.3,14293.8,15274.7,16110.4,15178.7,15541.1,16760.8,18820.4,23571.3,22231.1,25030.7,22905.9,23816.6,25137.6,29314.7,29808.6,27586.3,25942.7,22934.2,27856.5,30930.5,31004.4,28694.9,30531.5,32152.7,41396.9,44321
6000,California,59,    Professional and business services,125662.5,137891.8,154361.3,181590.8,181732.7,179986.3,186874.3,195737.9,207055.2,222898,241602,261458.9,245211.2,255299.9,272620.6,294489.6,293878.2,313029.8,336926.3,348486.8,367934.5,398539.8,424603.8,443436.2,501163.6,534667.1,557933.2,600297.7
6000,California,60,"      Professional, scientific, and technical services",75541.6,82624.3,94751.7,111355.6,112848.3,113261.9,117199.3,121770.6,131249,142645.6,155502.7,174892.3,164249.6,170232.1,182940.2,200032,197060.7,210657.3,228951.5,232592.8,244622.3,266015.6,286105.1,302233.6,338994.4,352730.2,369165.9,396118.4
6000,California,61,        Legal services,13456.5,15363.4,16238.2,17730,19543.7,20355.6,21839,23443.3,25913.8,27169.9,29454.7,33923.1,30316.1,29226,30972.4,30751.5,30860.5,32199.3,34441.8,36330.3,37184.9,38210.8,40423.2,40462.6,46575.3,49375.3,51671.5,56179.2
6000,California,62,        Computer systems design and related services,12894.2,14345.7,17410.2,23224.7,22424.9,19563.4,21732.6,21574.3,23355.6,25364.4,28841.7,31566.1,31474.4,34593.8,39801.3,51685.7,45523.4,49678.9,55200.1,59915.8,65932.1,73988.9,80082,87731.5,99299.2,90938,94875.3,106966.2
6000,California,63,"        Miscellaneous professional, scientific, and technical services",49191,52915.2,61103.3,70400.9,70879.7,73343,73627.8,76753,81979.6,90111.2,97206.2,109403.1,102459.1,106412.2,112166.5,117594.8,120676.7,128779.2,139309.5,136346.7,141505.3,153815.9,165599.9,174039.6,193120,212416.9,222619.1,232973
6000,California,64,      Management of companies and enterprises,20541.7,23939.5,25971.5,32061.6,27984.7,25297.7,25447.2,26220.1,24835.6,25692.3,26717.5,26423,25223.1,26557.6,28542,30044,33985.5,35790,37699.2,39169.3,40198.2,45765.8,46201.7,49833.9,57859.4,64274.7,69214.5,84262.5
6000,California,65,      Administrative and support and waste management and remediation services,29579.1,31328,33638.1,38173.6,40899.8,41426.7,44227.7,47747.1,50970.5,54560.1,59381.8,60143.6,55738.6,58510.2,61138.4,64413.5,62832.1,66582.4,70275.6,76724.7,83114,86758.4,92297.1,91368.7,104309.7,117662.2,119552.9,119916.8
6000,California,66,        Administrative and support services,27212.8,28826.5,30776.8,35214.9,37610.9,37869,40457.2,43893.1,46956.1,50856.9,55081.8,55626.2,51050.1,52879.1,56116.1,59285.3,57512.9,60885.6,64486.9,70625.7,76370,79429,84571.9,83337,95564.5,108102.8,108863.9,108626
6000,California,67,        Waste management and remediation services,2366.4,2501.5,2861.2,2958.7,3288.8,3557.6,3770.5,3854,4014.4,3703.2,4300,4517.5,4688.5,5631.1,5022.3,5128.2,5319.2,5696.8,5788.7,6099,6744.1,7329.4,7725.2,8031.7,8745.2,9559.5,10689.1,11290.8
6000,California,68,"    Educational services, health care, and social assistance",61569.8,64428.4,68521.9,73181.2,78889.2,87090.3,93733.3,101213.4,105552.8,112757.9,118726.1,131270,140783.2,147363.2,154404.4,162704.9,168403.8,174828.8,186106.5,197990.6,207059.9,218392.2,232013.9,238236.5,254892.2,273240.1,297752.8,324357.8
6000,California,69,      Educational services,7954.8,8223.7,9049.7,9856.1,10750.2,11611.3,12970.2,14454.7,14877.1,16150,17001.1,19096,21498.7,23132.9,24297.2,25490,26041,27647.5,28457.9,29923.8,30675.6,32549,34651.6,32687.9,33950.5,38130.4,40356.3,42689.1
6000,California,70,      Health care and social assistance,53615,56204.6,59472.2,63325.1,68139,75479,80763.2,86758.7,90675.8,96607.9,101725,112174,119284.6,124230.4,130107.2,137215,142362.8,147181.3,157648.7,168066.8,176384.3,185843.2,197362.3,205548.7,220941.6,235109.7,257396.5,281668.7
6000,California,71,        Ambulatory health care services,29552.9,30136.4,31508.6,33544.9,35288,38877.5,39551.9,42142,44388.8,47088.1,49725.6,54732.1,56852,64714.6,68640,71300.9,73615.5,75948,81194,86841.1,91270.3,96365.1,103172.5,105195.8,117678.1,121992.4,134431.3,146022.6
6000,California,72,        Hospitals,14655.1,15953.2,16978.4,17609.4,19709.8,22310.5,25891.8,28953.1,30352.5,32683,34277.7,37882.1,41699.1,37545.3,38378.3,39417,40385.4,41269.2,44290.6,45921.7,47720.3,49834.9,51620.6,53983.2,55916.8,59192.2,63594.7,67038
6000,California,73,        Nursing and residential care facilities,4661.7,4912.7,5224.9,5787.6,6561.8,7260.2,7702.8,7933.6,7822.7,8294,8673.3,9519.3,10032.2,10512,11114.5,11446.9,11849.8,12545.6,13413.7,14366.6,14963.7,15768.3,16324.5,18026.7,17803.6,20042.3,22149.4,23964
6000,California,74,        Social assistance,4745.3,5202.3,5760.3,6383.1,6579.3,7030.8,7616.7,7730,8111.7,8542.8,9048.4,10040.5,10701.3,11458.5,11974.4,15050.1,16512.1,17418.5,18750.3,20937.3,22430,23874.9,26244.7,28343,29543.1,33882.7,37221.1,44644.1
6000,California,75,"    Arts, entertainment, recreation, accommodation, and food services",40599.3,44379.6,48651.5,53814.8,55429.6,59941.1,64831,69462.3,70609.5,75117.7,76383.9,78077.9,75240.1,77426.4,81875,87261.7,91138.7,100480.4,109704.7,118155.3,124222.7,130543,140243.2,107771.8,137203.5,156848.3,174817.3,184259.9
6000,California,76,"      Arts, entertainment, and recreation",13491.4,14477.1,15969.9,17827.5,17826.9,19557.2,22815.9,24086.4,25003.5,26143,26472.7,27555.6,26995.3,28125.7,29846.7,32627.2,32867.7,35116.1,35149.3,37227.8,38610.8,41637.8,44719.2,31626.4,38810.4,50278,54692.3,57602.7
6000,California,77,"        Performing arts, spectator sports, museums, and related activities",8894.4,10031.8,10958.5,12215.9,12907.5,14362.7,17230.2,17867.9,18079.4,18950.5,18496.6,19617.1,19611.3,20443.2,22042.4,23846.6,23386.6,25070.7,24542.5,26036.8,26891.3,29131.8,30880,23494.7,27254.5,35395.6,38216.5,40217.4
6000,California,78,"        Amusement, gambling, and recreation industries",4597,4445.3,5011.4,5611.6,4919.4,5194.5,5585.7,6218.5,6924.1,7192.5,7976.1,7938.5,7384.1,7682.5,7804.3,8780.6,9481.1,10045.5,10606.8,11190.9,11719.5,12506.1,13839.2,8131.8,11555.8,14882.3,16475.8,17385.3
6000,California,79,      Accommodation and food services,27107.9,29902.5,32681.5,35987.3,37602.7,40383.9,42015.1,45375.9,45606.1,48974.7,49911.1,50522.3,48244.8,49300.7,52028.2,54634.5,58271,65364.3,74555.4,80927.6,85611.9,88905.1,95523.9,76145.3,98393.1,106570.3,120125,126657.2
6000,California,80,        Accommodation,6412.7,6928,7660,8731.4,8730.1,9036.7,9409,10762.7,10717.4,11968.7,12642.2,12709,11383.3,11801.1,12993.5,12931.5,13411.8,15699.6,18361.8,19533.4,20627.6,20149.8,21160.5,19552.3,25915.2,23231.7,25651.4,27283.3
6000,California,81,        Food services and drinking places,20695.3,22974.5,25021.6,27255.9,28872.7,31347.2,32606.1,34613.2,34888.7,37006,37269,37813.3,36861.5,37499.7,39034.7,41703,44859.2,49664.7,56193.6,61394.2,64984.3,68755.3,74363.5,56593,72477.9,83338.6,94473.6,99373.9
6000,California,82,    Other services (except government and government enterprises),31158.9,34278,35749.3,39040.7,35613,38436.8,37664.9,39628,41532.4,43602.3,43896.2,42853.6,41572.4,41613,42311.9,43906.4,45589.3,49331.9,52074.9,53646.9,56560.3,59296,61944.6,55174,58749.1,67218,73389.1,77682.5
6000,California,83,  Government and government enterprises,134912.6,142788.8,151171.1,164496.6,177192.7,187555,197032.5,205642.9,214838.9,226277.6,242482.5,254597.5,254493.9,257853.7,263243,264718.3,275423.5,289796.3,306383.7,319532.6,324562.5,338126.5,346832.8,355652.2,368985.3,380014.6,409056.8,436530.2
6000,California,84,    Federal civilian,24140.6,24791.7,25339.4,26259.7,26050.8,27454.1,28558.3,29685.5,30465.2,31239.8,32415.8,33826.6,34899.7,37320.9,37310.2,37479.2,37148.2,38646.6,40428.4,41858.9,43731.2,45739.1,46722.8,50253.6,52043.4,54376,57531.2,60000.5
6000,California,85,    Military,16218.1,16141.9,16056.6,16522.9,17029.7,18024.3,20016.3,21510.8,22575.1,23656.9,24843.3,26694.6,27988.7,29193.9,29553.5,29667.7,28960.7,28434,28116.4,29532.1,29092.4,27638.9,27775.5,28981.6,30915,31331.8,32618.5,33620.4
6000,California,86,    State and local,94553.9,101855.3,109775,121714,134112.2,142076.5,148457.9,154446.7,161798.6,171380.9,185223.4,194076.3,191605.5,191338.8,196379.3,197571.5,209314.6,222715.7,237839,248141.7,251738.9,264748.5,272334.5,276416.9,286026.8,294306.8,318907.1,342909.3
6000,California,,Addenda:,,,,,,,,,,,,,,,,,,,,,,,,,,,,
6000,California,87,Natural resources and mining,24882.1,21410.2,22432.7,25375.1,24339.7,24663.5,28157.7,34472.6,38109.6,42133,50001.2,51482.6,42813.3,46621.7,52973.9,55559.7,58162.9,58708.5,47618.7,45341.6,49094.8,48635.5,46063.7,46546,54125.3,61305.2,59117.2,62965.4
6000,California,88,Trade,140137.4,151634.2,159600.3,171359.9,174980.6,179180.8,188456.3,199620.7,214273.4,228135.2,231466.2,224792.9,209410.7,222124.3,235328.8,244341.4,261895.8,278097.1,300093,299876.6,313507.6,322191.8,346101.2,344343.3,383642.6,418142.1,427020.5,442596.1
6000,California,89,Transportation and utilities,46090,47261.2,49376.8,52446,48384.7,54002.8,55802.3,59651.4,61422,71246.8,71088.2,70783.3,70520.2,74991.3,77986.3,78032.5,83433.2,88952.4,96871,104311.2,113392.8,122520.5,135396.7,127646.2,155080.2,175792,181066.9,190648.6
6000,California,90,Manufacturing and information,220188,235813.5,267810.4,291015.5,270835.1,263382.4,282180.5,299688.4,328013.3,347712.7,368942.3,387578.5,358224.3,368013.2,374883.1,390445.7,435156.7,454859.5,494034.9,519900.5,566072.9,603323.5,641591.4,646236.4,728237,736761.2,780608.6,823235.5
6000,California,91,Private goods-producing industries 2,216688,227030.2,249295.7,285827.2,260957.4,247003.4,271983.7,297786.8,338208.6,360052.8,375906.5,373384.9,334633.2,327808.3,333049.6,353715.9,376869.2,395031.9,407293.6,418299.5,454430.6,493674.7,510824.8,496343.5,548939.8,574209.3,592227,601251.9
6000,California,92,Private services-providing industries 3,716448.1,773853.5,839306.7,904467.5,935120.7,984763.4,1029561.8,1081651.7,1145810.9,1225831.2,1281831.4,1318259.1,1290682.4,1352941.2,1417757.7,1490438.9,1571008.2,1657390.6,1773479.1,1848653,1961557.2,2067729.6,2210972,2220932,2500331,2664065.8,2825723.5,3010326.1
,,,,,,,,,,,,,,,,,,,,,,,,,,,,,,,
Legend/Footnotes,,,,,,,,,,,,,,,,,,,,,,,,,,,,,,,
1. Gross Domestic Product (GDP) is in millions of current dollars (not adjusted for inflation). Industry detail is based on the 2017 North American Industry Classification System (NAICS). Calculations are performed on unrounded data.,,,,,,,,,,,,,,,,,,,,,,,,,,,,,,,
"2. The private goods-producing industries consist of agriculture, forestry, fishing, and hunting; mining, quarrying, and oil and gas extraction; construction; and manufacturing.",,,,,,,,,,,,,,,,,,,,,,,,,,,,,,,
"3. The private services-producing industries consist of utilities; wholesale trade; retail trade; transportation and warehousing, excluding Postal Service; information; finance and insurance; real estate, rental, and leasing; professional, scientific, and technical services; management of companies; administrative and support and waste management and remediation services; educational services; health care and social assistance; arts, entertainment, and recreation; accommodation and food services; and other services (except government and government enterprises).",,,,,,,,,,,,,,,,,,,,,,,,,,,,,,,
"  Last updated: September 26, 2025-- revised statistics for 2020-2024.",,,,,,,,,,,,,,,,,,,,,,,,,,,,,,,